ISIK.id	max_school_name	max_school_level	max_school	years_in_school
6	phil	ülik	5	6
11	Leisi algk	algk	1	14
19	Tü  jur	ülik	5	4
21	Tü phil	ülik	5	17
25	Trt öS	õp-sem	3	2
28	Paistu khkk	khkk	2	11
31				7
32	vallak.õp eksam	k.õp	3	1
34	Tü theol	ülik	5	21
37	Tü agr	ülik	5	20
38	Vändra v-k	ülik	5	23
47	Balti öS Riias	õp-sem	3	3
54	Riia  polütehn eh.osak	polütehn	4	20
56	Tü phil	ülik	5	17
57	Vändra  ja Kodavere  khkk	ülik	5	8
61	Valga Zimse öS	õp-sem	3	4
66	Tü jur	ülik	5	7
67	Tü phil	ülik	5	21
68	Tü theol	ülik	5	14
71	Tü jur	ülik	5	13
77	Tü hist-philol	ülik	5	12
80	Tü rer merc	ülik	5	26
81	Tü jur	ülik	5	8
84	Tall linnak	linnak	1	17
90	Tü theol	ülik	5	12
91	Torgu Aö khkk	khkk	2	9
95	Pb ülik jur	ülik	5	19
100	Tü agr	ülik	5	24
102				17
104	Tü jur	ülik	5	17
106	Tü phil (e filol)	ülik	5	12
111	Tü phil (klass.filol)   c.l.	ülik	5	6
117	Tü phil	ülik	5	16
118	TöS	õp-sem	3	2
124	Tsooru min.k	min.k	2	7
136	Valjala khkk	khkk	2	8
138	Tü rer  merc	ülik	5	9
139	tüt.komm.g	ülik	5	25
140	Purdi Mustla v-k	vallak	1	6
141	Tü jur	ülik	5	2
142	näitl draamateatris	ülik	5	21
143	Kiievi 3.lipn.k	lipn.k	4	4
144	TTü maj	ülik	5	5
145				19
154				7
156	Hiium Nõmba v-k	vallak	1	12
158	Pb ü jur	ülik	5	9
160	Tü zool  c.l.	ülik	5	28
167				42
171	Tü theol	ülik	5	12
173				43
174	Trt Hollmanni öS	õp-sem	3	9
175	Treffn g  (ei lõp).	gümn	2	4
176				6
178	Narva algk	algk	1	5
181	Tü rer  merc	ülik	5	4
182				85
183	Tü theol	ülik	5	12
184	Rakv öS	õp-sem	3	13
186	Tü math-nat	ülik	5	18
188	Tü  chem	ülik	5	27
194	Tü geogr.inst ass	ülik	5	6
196	Tü phil	ülik	5	2
198	Tü math	ülik	5	19
199	Tü theol	ülik	5	19
203	Tü med	ülik	5	13
204	Tü phil	ülik	5	20
205	Hels ülik sm keel ja kirjandus	ülik	5	3
211	Hels ülik	ülik	5	6
212	g IV~kl	gümn	2	13
214				1
215	kooliõp eksam Pärnus	k.õp	3	1
216	Tü jur	ülik	5	15
218	Pb Jansoni kaub.k	kaub.k	4	13
221	Väike-Maarja khkk (Jakob Tamm)	khkk	2	11
222	Tü phil	ülik	5	15
230	Tü theol	ülik	5	18
232				2
242	Tü jur	ülik	5	8
246	Valga  ja Haaps  ped.kurs.	ped.kurs	5	2
253	Mustvee g	gümn	2	22
261	Audru khkk	ülik	5	12
266	Tü phil	ülik	5	8
267	Pb  ülik hist-phil	ülik	5	22
272	Tiflisi polütehn agr	polütehn	4	17
275	Trt öS	õp-sem	3	6
277	Pb ülik phys-math	ülik	5	15
284	Tü theol	ülik	5	20
288	Kuress g	gümn	2	18
292	Zürichi  ü vabak	ülik	5	13
296				4
297	Trt II öS	õp-sem	3	10
300	Tall Aleks g	gümn	2	22
302	Tü phil	ülik	5	23
307	Tü jur	ülik	5	19
312	Paistu khkk	khkk	2	4
319	Palamuse khkk	khkk	2	5
324	k.õp Narvas	k.õp	3	31
330	Tü  theol	ülik	5	13
331				11
332	Balti tehn.ülik  Tü rer merc	ülik	5	2
334	Tü phil (ingl filol)	ülik	5	12
335	TÜ vabakuulaja	ülik	5	24
336	Kaarma öS	õp-sem	3	10
340	Rakv öS	õp-sem	3	15
341	Tü theol	ülik	5	14
344	Pb ü math	ülik	5	16
345	k.õp eksam	k.õp	3	3
346	Tall algk ja kreisk	kreisk	2	1
350	Tori khkk	khkk	2	10
352	Jõhvi g	gümn	2	10
353	Tü phil (ajalugu)	ülik	5	19
355	Tü phil	ülik	5	17
356	Tü jur	ülik	5	11
357				5
358	Tü jur  c.l.	ülik	5	9
367	Portlandi kaub.k	kaub.k	4	11
372	Pärnu g	gümn	2	18
373	Paistu khkk	khkk	2	9
374				2
375	Tü muinast ja etnogr	ülik	5	11
377	algk.õp Trt-s	algk.õp	3	51
378	Tü phil	ülik	5	21
379	Tü dr phil h c	ülik	5	14
383	Tü phil	ülik	5	23
384	Trt reaalk	gümn	2	10
386	Tü math-nat	ülik	5	16
389	Pärnu tüt.k	ülik	5	5
390	Tõrva prl.  A.~Heldti erak	erak	1	3
391				1
395	Valga öS	õp-sem	3	10
401	Valga ped.kurs	ped.kurs	5	16
406	Tall kaub.k	kaub.k	4	8
410	Tü phil	ülik	5	20
411	Halliste khkk	khkk	2	7
412	Trt II öS	õp-sem	3	5
414	Iisaku khkk	khkk	2	15
415				79
423	Tarvastu khkk  (Wühner)	khkk	2	5
425	Tü theol	ülik	5	19
427	EAleksK	aleksk	3	10
428	Tü jur  c.l.	ülik	5	14
432	Tall kaub.k	kaub.k	4	10
433	Paldiski Aö kirikuk ja kõrg.algk	kirikuk	1	5
442	Kadrina  kog õp	ülik	5	44
443	Tü jur	ülik	5	11
450	Treffn g	gümn	2	13
454	Tü med	ülik	5	47
459	Trt  algk ja sks tüt.k	ülik	5	9
464	Tü jur	ülik	5	16
465	med	ülik	5	5
467	Tü phil	ülik	5	6
468	Tall öS	õp-sem	3	15
473	Tü med	ülik	5	7
476	Danzigi tehn.ülik arhit	ülik	5	13
477	Valga öS	õp-sem	3	12
479	Tü vabak	ülik	5	6
481				13
493				66
494	V-d mag chem  Tõnis K. VR II/3  ja Tü füüsikaprofessor dr phil nat Villem  K.	ülik	5	37
500	Tü chem	ülik	5	17
504	Karuse khkk	khkk	2	10
506	Leipzigi ülik agr	ülik	5	10
507	Valga Zimse öS	õp-sem	3	6
514	Pühalepa khkk	khkk	2	3
516				17
523	Kodavere khkk	khkk	2	9
530	Tü med	ülik	5	16
532	vallak.õp eksam Trt-s	k.õp	3	9
533				40
538				1
540	TöS	õp-sem	3	14
543	Riia polütehn arhit.osak	polütehn	4	18
544				92
549	Tü med	ülik	5	16
551				53
554	Tü pharm	ülik	5	7
558	Tü phil  c.l.	ülik	5	24
561				6
568	Kunda öS ekst	õp-sem	3	8
586	Tü jur	ülik	5	18
590	Tü  phil	ülik	5	21
591	Tü jur	ülik	5	5
596	Tü jur  vabak	ülik	5	17
602	Treffn g	gümn	2	5
603				1
605	Haapsalu ped.kurs	ped.kurs	5	12
606	Russalu ja Paadremaa v-k	ülik	5	4
608	Kose-Uuemõisa min.k	min.k	2	8
610	Tall kaub.k	kaub.k	4	12
611				1
612	kirj.õhtuülik	ülik	5	3
615	khkk	khkk	2	11
617	Tü phil	ülik	5	2
618	öS	õp-sem	3	5
619	Rannamõisa v-k	vallak	1	7
620	Pb KES kunstik vabak	kunstik	2	8
622	Tü jur	ülik	5	17
623	kreisk	kreisk	2	6
624	Narva Peetri algk	algk	1	6
625	Tü agr	ülik	5	27
626				12
628	Tü jur	ülik	5	9
629	TÕS	õp-sem	3	10
632	Aruküla Aö khkk	khkk	2	47
634	Venevere algk	algk	1	17
636	Tü phil	ülik	5	22
638				1
639	Kulina algk	algk	1	18
642	Tü phil  (ei lõp)	ülik	5	10
643	Tü hist	ülik	5	22
644				5
645	mag phil	ülik	5	18
651	Tü jur vabakuul	ülik	5	13
654				22
658				17
659	TöS	õp-sem	3	3
667				5
669	Tü zool	ülik	5	20
671	Tü jur	ülik	5	21
672	Tü jur  c.l.	ülik	5	5
674	Tü jur	ülik	5	4
675	Tü theol	ülik	5	7
678	draamastuudio teatrik	ülik	5	13
679	Vändra khkk	ülik	5	12
685	Narva muusikas-i algk	algk	1	12
688				6
690	Tü rer for	ülik	5	3
695	Pb õp.inst	õp.inst	5	8
698	Tü vet	ülik	5	4
700	kaub.k	kaub.k	4	8
706	Tü phil	ülik	5	26
707	Tü jur	ülik	5	21
709	Tapa linnak ekst	linnak	1	1
711	Rakv öS dir	õp-sem	3	42
713	TÜ theol	ülik	5	1
716	Tü math	ülik	5	29
717	kreisk	kreisk	2	15
718	Grassi tütarl.k	ülik	5	4
720	Võru öS	õp-sem	3	19
728	Tü phil	ülik	5	15
729				17
732	Tü jur	ülik	5	18
736	TöS	õp-sem	3	7
739	Tü jur	ülik	5	9
742	Tü phil	ülik	5	15
744	Tü jur  c.l.	ülik	5	9
745				41
747	Tü phil  c.l.	ülik	5	20
751	Trt Hollmanni öS	õp-sem	3	6
754	Volmari öS	õp-sem	3	9
755	Müncheni tehn.ülik	ülik	5	19
758	Pb kaub.kurs	kaub.k	4	16
762				2
766	Tü jur	ülik	5	15
772	Tü phil (ajalugu)	ülik	5	14
775				1
778	Tü pharm	ülik	5	3
779	TÜ phil	ülik	5	11
780	õp eksam Pärnu g-s	k.õp	3	8
785	Tü phil	ülik	5	9
789	Trt II öS	õp-sem	3	4
792	Trt öS	õp-sem	3	1
795				72
797	Kodavere khkk	khkk	2	7
798	reaalk	gümn	2	11
799	Tü phil	ülik	5	17
802	Tü jur	ülik	5	18
803	Paldiski algk	algk	1	7
809	Võru TG	gümn	2	5
815				5
818	Tü theol	ülik	5	30
819	Trt II öS	õp-sem	3	10
828	VöS	õp-sem	3	12
842	Tarvastu khkk	khkk	2	1
843	Pb ülik nat	ülik	5	11
847	Tü phil (rahvaluule)  c.l.	ülik	5	19
851	Tü phil	ülik	5	1
855	Moskva ņanjavski eraülik ajaloo-osak	ülik	5	9
857	phil  c.l.	ülik	5	25
861	füüs.mat.dr	ülik	5	2
870	philol	ülik	5	19
871	Kabala N÷mmise algk-s	algk	1	20
872				1
877	cand theol	ülik	5	13
878	Köster-kooliõp Ilmjärvel  ja Rakv-s	kooliõp	1	6
882	V-k	vallak	1	21
890				38
896	Rätsep (hilj v-käskjalg) Matt Leinbock	vallak	1	2
897	II TöS	õp-sem	3	5
899	Moskva ņanjavski  eraülik	ülik	5	44
907	Tü jur	ülik	5	2
909	Tü theol	ülik	5	9
911	Tü theol	ülik	5	16
914	Pühalepa Kasevälja algk	algk	1	7
916	Kaarma öS	õp-sem	3	13
918	Trt öS algk	õp-sem	3	20
920	Saulepi Varbla v-k	vallak	1	4
922	Rakv ped.kurs	ped.kurs	5	14
927	Tü  phil	ülik	5	8
928				1
930	filol.dr	ülik	5	4
934	Tü hist-phil	ülik	5	18
935	Trt öS	õp-sem	3	7
939	Tü  theol	ülik	5	12
941	Pb ülik chem	ülik	5	10
944	Tü math-nat	ülik	5	17
948	Tü med	ülik	5	19
950	Paide l-k	linnak	1	1
956				15
959	Trt öS algk	õp-sem	3	21
961	Tü phil  c.l.	ülik	5	7
962	Tü phil  c.l.	ülik	5	15
964	Tü jur  c.l.	ülik	5	15
965	Kõpu khkk	khkk	2	6
970	Tü jur	ülik	5	15
977				9
980	Tü jur	ülik	5	10
986	Pb ülik jur	ülik	5	10
987	dr  rer ing Pb-s	ülik	5	19
991	Tü phil (e filol)   c.l.	ülik	5	13
995	Helme  khkk	khkk	2	9
1000	EAleksK	aleksk	3	3
1003	Tü phil	ülik	5	28
1004	Tü agr	ülik	5	37
1007	Narva  P.Hunniuse g õp	gümn	2	47
1011	Tü theol	ülik	5	4
1012	Trt II öS	õp-sem	3	5
1018	Göttingeni ja  Helmstedti ü theol	ülik	5	4
1022	Tü agr	ülik	5	8
1026				16
1033	Mag phil Linda Bakis	ülik	5	5
1034	Tü med	ülik	5	16
1036				6
1037	Tü phil	ülik	5	10
1041				4
1042	Tü jur	ülik	5	13
1045	Londoni ülik	ülik	5	34
1054	phil	ülik	5	25
1055	Tü theol	ülik	5	1
1059				1
1062	Pb ü chem	ülik	5	12
1063	II TöS	õp-sem	3	5
1064	Tü pharm	ülik	5	12
1065				24
1066				3
1068	Kohtupristev Dmitri  B. Trt g	gümn	2	18
1069	Tü jur	ülik	5	17
1074	Tall polütehn	polütehn	4	13
1076	Tü phil (slaavi filol)	ülik	5	18
1077	Tü jur	ülik	5	4
1082	Tü jur	ülik	5	12
1086	Tü dr phil h c	ülik	5	12
1092	Tü phil	ülik	5	21
1098	Tü phil	ülik	5	21
1100				81
1102				81
1107	Tü agr	ülik	5	19
1112				1
1113	Raja algkooli juhataja	algk	1	36
1116	Tü phil	ülik	5	30
1120	TöS algk	õp-sem	3	11
1125	Pb-s Pobedinski kaub.kurs vabak	kaub.k	4	5
1129				78
1134	Tü med	ülik	5	15
1136				1
1137	Tü med   c.l.	ülik	5	16
1142	Aleks.g ja PHG	gümn	2	17
1150				1
1151	ped.kurs	ped.kurs	5	11
1158	dr theol Tü-s	ülik	5	6
1162	Tü med	ülik	5	18
1164	S-Jaani khkk	khkk	2	10
1165	ajal.dr	ülik	5	13
1168				1
1172				79
1174	Rapla v-kirj	vallak	1	15
1178	Tü jur	ülik	5	7
1181	Tall g	gümn	2	11
1182	Tall algk ja Hansak	algk	1	9
1192	Trt II öS	õp-sem	3	12
1193	VöS	õp-sem	3	2
1195	Tü jur	ülik	5	12
1199	Lenderi g õp	gümn	2	22
1201	Tü jur	ülik	5	20
1202	Tü theol	ülik	5	13
1203				3
1204				3
1206	Paide sks tüt.k	ülik	5	7
1207				1
1208	Pb ülik phys-math	ülik	5	19
1214	Riia polütehn agr	polütehn	4	19
1227	l-k	linnak	1	8
1228	Tü phil	ülik	5	1
1230	reaalk	gümn	2	6
1233	Halliste  khkk	khkk	2	13
1235	Trt II öS	õp-sem	3	5
1237	Tü med	ülik	5	19
1241				1
1242	Pärnu g	gümn	2	13
1253	kõrg.tüt.k	ülik	5	6
1260	Vändra khkk	ülik	5	7
1262	Kõpu  khkk	khkk	2	4
1263	Tahkuranna Aö khkk	khkk	2	21
1265	Eva Andresen	ülik	5	97
1271				5
1272	Tü theol	ülik	5	7
1273	Tü  theol	ülik	5	8
1275				60
1276				100
1278	Tü theol	ülik	5	15
1279	ENKS TG	gümn	2	19
1280				7
1282	dr rer for	ülik	5	20
1284	Saarem ühisg	gümn	2	6
1285	Tü math	ülik	5	21
1287	Tü jur	ülik	5	12
1295	Berliini ülik phil	ülik	5	11
1296	ENKS tüt.g	ülik	5	12
1300	Tü  agr	ülik	5	18
1302	Tü theol	ülik	5	10
1303	V-Jaagupi khkk	khkk	2	19
1304	TÕS  harj.k	õp-sem	3	18
1306	Tü phil (kunstiajalugu)  c.l.	ülik	5	17
1314	Poolas  Novo-Aleksandria (Pulawy) põllu- ja metsainst agr	ülik	5	20
1325	Lümanda min.k	min.k	2	8
1328				1
1329	USA-s Andoveri teol.ülik	ülik	5	12
1331	TÜ jur	ülik	5	19
1333	Kaarma öS (Th.~Undritz)	ülik	5	4
1335	kooliõpetaja eksam	kooliõp	1	3
1343				17
1350	Türi erak	ülik	5	29
1351	Tarvastu khkk	khkk	2	7
1357	Tü jur   c.l.	ülik	5	5
1360	Kr kuldrist	ülik	5	9
1361	Vändra vabr.k	ülik	5	21
1362	Tü  jur	ülik	5	5
1371				26
1376				1
1377	Vesth g	gümn	2	17
1378	phil	ülik	5	19
1382	Pärnu Rääma algk  ja l-k	linnak	1	13
1385				3
1390				1
1393	Tü  nat	ülik	5	15
1396	Tü phil	ülik	5	18
1401	Tall Draamateatri  dramaturg ja näitejuht	ülik	5	29
1412	Vändra khkk	ülik	5	10
1417	Pärnu kõrgem tütarl.k	ülik	5	8
1422	Tü math-phys	ülik	5	9
1435				67
1436	Molodetóno öS	õp-sem	3	6
1446	TÜ hist-phil	ülik	5	7
1447	med	ülik	5	12
1449	Palmse  v-kirj	vallak	1	29
1456				37
1461	Eberswalde metsaakad ja Berliini  põllumaj.ülik	ülik	5	13
1469	Tü phil  c.l.	ülik	5	7
1472	Balti tehn.ülik	ülik	5	21
1475	Vilj TG	gümn	2	12
1476	TÜ phil  c.l.	ülik	5	7
1477	TÜ math	ülik	5	12
1489	Otepää khkk	khkk	2	21
1491				1
1502	Paide kreisk õp	kreis.õp	1	9
1523	Passlepa rts öS	õp-sem	3	1
1530	Kohtla k-k	külak	1	4
1539	Kuuda ÕS	õp-sem	3	4
1542	Hels ülik phil	ülik	5	6
1543	Pb ü hist-philol	ülik	5	17
1549	TÜ theol	ülik	5	12
1555	Kuuda öS	õp-sem	3	3
1560	hist-philol	ülik	5	18
1562				1
1563	Pb ülik phys-math	ülik	5	19
1567	Trt I ÕS	õp-sem	3	6
1571	Tü phil  c.l.	ülik	5	20
1578	Lööne ja Kuress algk	algk	1	17
1584	Narva muusikak	muusikak	2	11
1588	Tü jur	ülik	5	20
1591				2
1598	filol.dr	ülik	5	19
1615	Tü med	ülik	5	32
1616	Kavilda AÕ khkk	khkk	2	11
1618	Rakv alg- ja kreisk	kreisk	2	5
1624	kohtu- ja vallakirj	vallak	1	38
1633	Tü rer merc	ülik	5	3
1650	TÜ math	ülik	5	17
1652	Haaps ped.kurs	ped.kurs	5	7
1682	Tü jur	ülik	5	8
1683				9
1687	Trt II ÕS	õp-sem	3	10
1688				1
1691				33
1695	Tü  phil	ülik	5	17
1697	Riia polütehn ins	polütehn	4	1
1712	TÜ phil	ülik	5	19
1722	TÜ jur	ülik	5	17
1739	Paistu  khkk	khkk	2	9
1743	TÜ nat	ülik	5	10
1757	Tü theol	ülik	5	12
1775	Tü jur	ülik	5	5
1782	Liiguste min.k	min.k	2	8
1786	Rakv l-k ja ped.kurs	ped.kurs	5	14
1787	Pilistvere khkk	khkk	2	12
1790	Rakv ja Tall algk	algk	1	12
1811	Tü jur	ülik	5	4
1815	Tü jur	ülik	5	2
1819	Kūster Carl  P. Kuress g	gümn	2	8
1828	Koduõp Sm-s	koduõp	1	26
1840	Tü phil	ülik	5	21
1841	filol.dr	ülik	5	14
1848	TÜ jur	ülik	5	5
1849	TÜ med	ülik	5	14
1851				1
1857				85
1862	Tall Lenderi  TG	gümn	2	12
1873	K.õp Kaarel O. Pärnu-ülejõe algk õp u	algk.õp	3	11
1877	öp Võru TG-s	gümn	2	23
1882	Tü phil	ülik	5	16
1890	TÜ theol	ülik	5	19
1891	Kaarepere ped.kurs	ped.kurs	5	1
1895	Patküla ja Aegviidu algk	algk	1	18
1902	Theodor (p Friedrich Georg	ülik	5	63
1906	TÜ jur	ülik	5	6
1911	Berni ülik	ülik	5	11
1929	TÜ rer nat	ülik	5	24
1935	Tü theol	ülik	5	14
1937	Pb ülik jur	ülik	5	17
1938				2
1940	K.õp ja  v-kirj Hans P.	vallak	1	1
1956				21
1961				5
1962	Tü phil  c.l.	ülik	5	18
1966	Hirvli  k-k	külak	1	6
1967	Hirvli k-k	külak	1	8
1971	Audru algk	ülik	5	7
1992	Vastseliina khkk	khkk	2	9
2001				1
2007				8
2014	Pb Šklovski g	gümn	2	8
2028	Trt g	gümn	2	10
2035	Helsingi ülik theol	ülik	5	11
2039	Pb ülik phys-math	ülik	5	21
2043	e algk juh Omski obl-s	algk	1	1775
2053	Tü rer merc	ülik	5	1
2060	Tü phil	ülik	5	5
2061				2
2074	Tahkuranna Aö khkk	khkk	2	15
2079	tüt.l-k	ülik	5	18
2082	Leipzigi kaub.ülik	ülik	5	7
2089	Tü jur	ülik	5	29
2103	Tall draamastuudio teatrik	ülik	5	9
2110	Halliste khkk	khkk	2	5
2118	Tü phil	ülik	5	6
2132	TÜ jur	ülik	5	7
2136	Rakv öS	õp-sem	3	13
2140				14
2146	Vormsi v-k	vallak	1	7
2156	Tü  phil	ülik	5	19
2157	kreisk	kreisk	2	7
2159	Riia polütehn ins.jsk	polütehn	4	19
2160				2
2164	Kuuda öS	õp-sem	3	8
2165	Tü  theol	ülik	5	14
2168				92
2172	Tü phil	ülik	5	9
2173				48
2174	Laiuse khkk	khkk	2	10
2175	Valga Zimse öS	õp-sem	3	7
2176	Kraavi Aö khkk	khkk	2	13
2180				6
2187	Tü phil	ülik	5	20
2189	Räpina tüt.khkk	ülik	5	4
2190				70
2197	Tü  med	ülik	5	19
2199	TÜ phil (ajalugu)  c.l.	ülik	5	11
2211	ped.kurs	ped.kurs	5	10
2223	Vasalemma vallakool	vallak	1	13
2224	linnakool	linnak	1	2
2229	Tü nat  vabak	ülik	5	16
2236	Trt g  (lahkus pol põhjustel).	gümn	2	3
2237	Sksm Strelitzi polütehn	polütehn	4	5
2247	Tü theol	ülik	5	7
2251	Torma khkk	khkk	2	8
2255	Tü theol	ülik	5	16
2260	TÜ med	ülik	5	14
2274	Trt ÕS	õp-sem	3	5
2280	Oranienbaumi II lipn.k	lipn.k	4	1
2282	EAleksK	aleksk	3	8
2294	Lelle vabr.algk	algk	1	4
2296	Kooliõp Trt-s  (kõrg.algk	algk	1	32
2302	Oranienbaumi I lipn.k	lipn.k	4	9
2304	Tü phil	ülik	5	2
2310	TÜ theol	ülik	5	20
2311	TÜ theol	ülik	5	10
2329	Jaaska k-k	külak	1	10
2335				11
2342	Tü geogr   c.l.	ülik	5	18
2345	Räpina khkk	khkk	2	18
2347	Tü jur	ülik	5	19
2366	Pb Stieglitzi  kunstik	kunstik	2	12
2383	Tü theol	ülik	5	13
2394	Tü med	ülik	5	19
2445	G.Endreksoni erak	ülik	5	23
2462	Tü jur	ülik	5	23
2464	Tall kub.g	gümn	2	11
2471	TÜ vabakuulaja	ülik	5	5
2473	Kurna v-k	vallak	1	5
2484	Tü  phil	ülik	5	8
2491	Tü theol	ülik	5	11
2492	Tü phil	ülik	5	23
2497	Kuress  kreisk õp ja insp	kreis.õp	1	18
2500	dr med vet	ülik	5	18
2525				10
2528	Antsla Aö khkk	khkk	2	10
2535				96
2545	Pärnu tüt.k	ülik	5	20
2546	Trt g	gümn	2	9
2551	Tü phil	ülik	5	7
2554				87
2575				7
2579	Pb ülik jur	ülik	5	16
2580	Tü theol	ülik	5	24
2584	Räpina khkk	khkk	2	12
2586	Pb ülik phil	ülik	5	23
2591	Tü jur	ülik	5	20
2602	Puókini g	gümn	2	13
2611	Tü hist	ülik	5	12
2616	Lähte õigeusu khkk (Priidu Tasane)	khkk	2	21
2622	Tü phil	ülik	5	18
2624				1
2635	Valga Zimse öS	õp-sem	3	16
2643	Tü phil  c.l.	ülik	5	18
2648	Pb ü chem	ülik	5	13
2661	Tü phil	ülik	5	29
2691	g ekst  Pb-s	gümn	2	19
2699	Tiflisi maamõõduk	maamõõduk	4	15
2701	kooliõp eksam	k.õp	3	1
2702	Rõngu khkk	khkk	2	6
2709	Tõstamaa v-k  ja  khkk	vallak	1	2
2711				1
2716	Kahtla AÕ khkk	khkk	2	9
2742	Viiratsi v-k	vallak	1	6
2766	Tü phil	ülik	5	12
2768	Türi kk	ülik	5	18
2776	II TöS	õp-sem	3	5
2779	TÜ theol	ülik	5	14
2780	Kadri Elevant	ülik	5	2
2781	TÜ math	ülik	5	15
2784	k.õp eksam  Tall-s.	k.õp	3	1
2786	Pb ülik jur	ülik	5	29
2789	Trt II ÕS	õp-sem	3	14
2791	dr jur   Tü-s	ülik	5	18
2792	TÜ phil (ajalugu)	ülik	5	23
2797	Kaarli Araku v-k	vallak	1	3
2804				2
2812	Nikolai kindr.st akad	ülik	5	18
2813	Valga Zimse öS	õp-sem	3	4
2821	II TöS	õp-sem	3	4
2828	V-k	vallak	1	4
2846	Haaps kreisk	kreisk	2	10
2855	kreisk	kreisk	2	4
2868	Königsbergi ü agr	ülik	5	11
2872	tütarl.algk juh Pärnus ja Vilj-s	ülik	5	29
2873				14
2878	Helsingi Ü phil	ülik	5	18
2890	Viljandi kihelkonnakool ja AÕ kirikukool	kirikuk	1	8
2891	Tü  hist	ülik	5	17
2896	TTG	gümn	2	11
2913	Tü theol	ülik	5	13
2924	Tü phil	ülik	5	18
2930	TÜ jur  (vabak	ülik	5	7
2935	Tü jur	ülik	5	19
2960	Tü phil	ülik	5	8
2979	Kaasani ü jur	ülik	5	14
2982	Stieglitzi ja Goldblatti kunstik Pb-s	kunstik	2	3
2994				6
2997	Trt I algk	algk	1	22
3000	Narva Aleks  kir.k	aleksk	3	8
3008	Tü phil	ülik	5	7
3014	Treffn g	gümn	2	18
3015	Rõuge khkk	khkk	2	12
3017	TÜ jur	ülik	5	24
3024	Tü techn	ülik	5	20
3025	Vesth g	gümn	2	8
3035				83
3046	Tü jur	ülik	5	5
3048	Palamuse khkk	khkk	2	7
3074	Moskva ü jur	ülik	5	11
3099				4
3101	Tü jur	ülik	5	3
3113	Riia polütehn kaub.osak	polütehn	4	10
3114				1
3123	TÜ phil	ülik	5	18
3130	õhtureaalk	gümn	2	13
3136	Tü jur	ülik	5	12
3157	Tü jur	ülik	5	19
3169	EAleksK	aleksk	3	11
3190	Tü phil	ülik	5	13
3199	Rakv ühisg  (heid.välja komm.tegevuse  eest)	gümn	2	19
3202	Palamuse ja Luua algk	algk	1	19
3220	biol.dr	ülik	5	2
3223	TÜ vabakuulaja	ülik	5	13
3224	Tü phil	ülik	5	18
3235	Koduõp Soomel	koduõp	1	32
3244	reaalk	gümn	2	11
3246				6
3247				6
3255	TÜ phil	ülik	5	2
3258	Lundi ü phil	ülik	5	17
3273	Tü jur   c.l.	ülik	5	5
3296	Õp ja v-kirj  (hiljem karjams rentn) Heinrich U.	vallak	1	74
3297				74
3299				1
3300	Oranienbaumi 1.lipn.k	lipn.k	4	11
3301	Kuuda öS	õp-sem	3	4
3306	EAleksK	aleksk	3	8
3317				7
3319	TÜ nat	ülik	5	14
3322				10
3323				17
3334	TÜ jur	ülik	5	10
3338	Võru öS	õp-sem	3	14
3347				2
3358	põllumaj.dr	ülik	5	19
3365	Tü phil  c.l.	ülik	5	9
3366				2
3368	k.õp eksam	k.õp	3	1
3381	Haaps kõrg.algk	algk	1	5
3385				41
3388	Pariisi ülik	ülik	5	6
3391	Tü rer merc	ülik	5	23
3401	Treffn  g	gümn	2	32
3402	Uusna v-k	vallak	1	10
3413	Tü med	ülik	5	21
3414				18
3420	Võru öS	õp-sem	3	12
3426	Tü phil	ülik	5	21
3431	Räpina khkk	khkk	2	15
3446	Mõnnaste külakool	külak	1	5
3447	kooliõp eksam.	k.õp	3	1
3458				30
3489				1
3512	TÜ rer merc	ülik	5	19
3513				2
3519	Tü phil	ülik	5	5
3542				7
3549	Tall Aleks.g	aleksk	3	16
3551				70
3559				19
3561	Pb ülik phys-math	ülik	5	16
3562	Vaikna üdrumaa v-k õp	ülik	5	34
3563	Tall linnak	linnak	1	1
3586	Hellamaa AÕ khkk  ja min.k	min.k	2	7
3590	TÜ phil	ülik	5	22
3596	Pariisis  Vene kõrg.ühiskonnatead.k ja Sorbonne\'i ülik vabak	ülik	5	12
3600	khkk õp eksam	k.õp	3	2
3607	Tü phil	ülik	5	20
3611				1
3620				3
3644				39
3661	Riia polütehn kaub.osak	polütehn	4	14
3669				2
3672	Tuhala v-k	vallak	1	6
3673				1
3678	Trt  II öS	õp-sem	3	5
3680	Trt ped.kurs	ped.kurs	5	5
3683	Trt öS	õp-sem	3	17
3693	Tü jur  c.l.	ülik	5	14
3698	Tü phil  c.l.	ülik	5	29
3704	konservat lavakunstikat	kunstik	2	5
3706	Tü math	ülik	5	20
3723	Hels ülik  phil	ülik	5	8
3731	Võnnu  khkk	khkk	2	3
3732	Tü med	ülik	5	8
3734	J-Jaani Aõ khkk	khkk	2	20
3735				48
3737	Tü  phil	ülik	5	9
3738	Tü vet	ülik	5	3
3740	VöS	õp-sem	3	2
3741	Tü rer merc	ülik	5	11
3742	dr phil	ülik	5	7
3744	Tü phil (germ filol)	ülik	5	8
3745	med.kand	ülik	5	1
3747	Tü math	ülik	5	13
3748				7
3750				1
3752	Tü vet	ülik	5	8
3753				12
3755	Tü rer merc	ülik	5	4
3757	Tü phil	ülik	5	6
3759	Tü jur	ülik	5	22
3760				10
3764	Helme khkk	khkk	2	9
3769	Tü phil (ingl filol)	ülik	5	9
3770	draamastuudio teatrik	ülik	5	14
3771				7
3776				13
3778				7
3779				2
3782	Tü	ülik	5	16
3785	Tü jur	ülik	5	6
3789	Helsingi ü dr agr h c	ülik	5	2
3790				8
3792				1
3793				35
3794				4
3797				1
3798	Trt öS	õp-sem	3	13
3800	Tü agr	ülik	5	7
3803	Tü vet	ülik	5	1
3805				8
3806				5
3807				7
3808	Pärnu IX algk	algk	1	7
3810	Maero k-k	külak	1	5
3811	Tü  techn	ülik	5	5
3812				42
3815	Tü theol	ülik	5	2
3818	Tü jur	ülik	5	2
3819				7
3820	TRü med	ülik	5	8
3821				1
3823	Tü nat  c.l.	ülik	5	9
3825	Balti tehn.ülik	ülik	5	4
3826	Vilj tüt.k	ülik	5	9
3827				1
3828				10
3829	Tü jur	ülik	5	6
3830	Tü agr	ülik	5	3
3831	Tü phil	ülik	5	17
3832	Tü rer for	ülik	5	8
3836				7
3837	Tü theol	ülik	5	6
3840	Tü phil	ülik	5	4
3841				1
3842	Otepää v Tüki 38  ha) om	ülik	5	1
3845	Vilj  algk	algk	1	7
3847	Tü  rer merc	ülik	5	6
3848				1
3850	Tall konservat lavakunstikat	kunstik	2	5
3851				7
3852				15
3853	Tü nat	ülik	5	8
3859				9
3861	TTü arhit	ülik	5	8
3862	Dresdeni  tehn.ülik	ülik	5	15
3863				3
3864	Võru öS	õp-sem	3	13
3866	Tü  nat	ülik	5	15
3867	Võru öS	õp-sem	3	11
3869	tehn.dr   Harkovis	ülik	5	9
3871				6
3876	Tü gymn	ülik	5	3
3877				7
3879	Valga läti khkk	khkk	2	4
3881				4
3883	?öriku preester ja algk õp	algk.õp	3	26
3888				1
3890	TÜ jur	ülik	5	5
3894				1
3895				1
3898				1
3899	Tü rer merc	ülik	5	21
3901	Tü phil	ülik	5	11
3903				20
3905	Tü rer for	ülik	5	5
3907	TöS ja Trt  muusikak	õp-sem	3	7
3908	Pankjavitsa Hindsa k-k	külak	1	5
3910	Tü jur	ülik	5	2
3912	Tü bot.inst  ass	ülik	5	20
3914				7
3915				7
3918	Tall med.k	ülik	5	17
3923				1
3925	Tü phil	ülik	5	15
3926				1
3927	Tü theol	ülik	5	21
3928	Rakv g	gümn	2	5
3929	dr math	ülik	5	7
3930	Tü math	ülik	5	5
3931				1
3934				1
3936				2
3937				1
3938	Tü rer merc	ülik	5	9
3939	TTü maj	ülik	5	11
3940				2
3941				1
3942	Tü rer merc	ülik	5	8
3944				3
3945				33
3946	Tü jur	ülik	5	7
3947	Tapa lastemuusikak õp	muusikak	2	20
3948				2
3949				6
3950				7
3953				6
3955	Kuldiga öS	õp-sem	3	11
3956	Peru  min.k	min.k	2	9
3959				6
3960				8
3962	Antsla Aö khkk	khkk	2	1
3963	Tü agr	ülik	5	2
3964	Oranienbaumi  lipn.k	lipn.k	4	2
3965	TRü  med	ülik	5	8
3969				4
3970				82
3976				7
3980				3
3981				1
3983	Tü math  c.l.	ülik	5	14
3984	Tü rer merc	ülik	5	6
3985	Trt g	gümn	2	1
3996				12
3997	TG	gümn	2	17
4000	Tü phil (rahvaluule)  c.l.	ülik	5	9
4001	Viljandi algkool  (F.	algk	1	3
4004				3
4006	Trt muusikak	muusikak	2	3
4008				9
4009	Paide ühisg	gümn	2	12
4010				7
4011	Tü agr	ülik	5	8
4017				1
4019	g	gümn	2	18
4023	Tü med	ülik	5	4
4025	TöS  ekst	õp-sem	3	1
4028				16
4029				12
4031	keem.dr  Moskvas.	ülik	5	8
4032	Tü theol	ülik	5	12
4033				7
4034	dr phil	ülik	5	7
4040				7
4042				6
4045				6
4047	Tü  rer merc	ülik	5	9
4048	Tü theol	ülik	5	17
4049	Tü rer merc	ülik	5	8
4050				5
4051	Tü techn	ülik	5	2
4053				1
4056	Tü theol	ülik	5	1
4058				7
4060	Urvaste algk õp	algk.õp	3	33
4063	Tü med	ülik	5	9
4064				1
4065	Tü gymn	ülik	5	13
4066				1
4069	Tü rer merc	ülik	5	7
4072				12
4074				3
4075	Tü phil	ülik	5	2
4076				7
4083				6
4085	Karlsruhe tehn.ülik	ülik	5	19
4086				40
4087	Tü med	ülik	5	5
4088	Tü math	ülik	5	6
4089				6
4090	Pb merev.muusikak	muusikak	2	18
4091	Tall öS harj.k	õp-sem	3	16
4092				40
4093	Tü agr	ülik	5	4
4094	Talun Hendrik A.  Pärnu 1.algk	ülik	5	14
4095	tehn.dr	ülik	5	8
4096	Tü agr	ülik	5	15
4098	Hiiu algk	algk	1	8
4099				20
4101				16
4104	Tü  pharm	ülik	5	3
4105	Tall öS	õp-sem	3	5
4106	dr phil	ülik	5	1
4108				11
4109	med	ülik	5	12
4115	Tü med	ülik	5	2
4116	Tü med	ülik	5	1
4118	Tü jur	ülik	5	5
4121	Tü jur  c.l.	ülik	5	7
4122	Trt öS	õp-sem	3	7
4127	Tü med	ülik	5	13
4128	Tü chem	ülik	5	2
4129				3
4130				1
4132	Tü rer merc	ülik	5	6
4133	Tü rer merc	ülik	5	2
4134	Tü med	ülik	5	2
4137	Kiievi  2.~lipn.k	lipn.k	4	1
4139	Tü phil	ülik	5	4
4141				2
4143	Palamuse khkk	khkk	2	10
4144				1
4145	Tü phil	ülik	5	5
4149	Tü med	ülik	5	13
4150	Tü  med	ülik	5	17
4155				24
4156	Tü agr	ülik	5	2
4164	Moskva Hagelströmi kaub.kurs	kaub.k	4	10
4165	Tü jur	ülik	5	6
4167				1
4169	Alatskivi kõrg algk õp	algk.õp	3	1
4170	Tü phil	ülik	5	11
4172	TRü med	ülik	5	7
4173	kreisk	kreisk	2	13
4174				7
4175	Tü math	ülik	5	5
4177	Tü med	ülik	5	1
4178	Tü phil	ülik	5	7
4181	Tü jur	ülik	5	13
4182	Tü jur	ülik	5	10
4183	Tü pharm	ülik	5	10
4184	Tü med	ülik	5	2
4186				6
4188				7
4189	k.õp eksam	k.õp	3	3
4193	Trt öS	õp-sem	3	5
4194	Tü jur	ülik	5	5
4200	Tü phil	ülik	5	2
4201	Tü nat	ülik	5	9
4204	öp Kallaste min.k-s	min.k	2	23
4207	Tü jur	ülik	5	3
4208	Tü jur	ülik	5	10
4210	Narva TG	gümn	2	10
4212	Tü phil	ülik	5	1
4217				8
4218	Smolniki algk	algk	1	18
4220	Tü jur	ülik	5	7
4221	Tü phil	ülik	5	29
4227	Tü jur vabak	ülik	5	18
4229	Vändra khkk	ülik	5	6
4230				3
4231	Trt-s g ekst	gümn	2	7
4236				1
4237	phil	ülik	5	6
4238				34
4239	Tü jur	ülik	5	6
4240	Tü med	ülik	5	9
4247				6
4248	Tü med	ülik	5	3
4249	TöS	õp-sem	3	2
4251	Kadrina kk	ülik	5	19
4252	Trt vaesl.algk	algk	1	5
4254	phil	ülik	5	5
4259				32
4260				1
4261	Tü sõjatead.prof	ülik	5	47
4262				1
4263				19
4264	Tü jur	ülik	5	5
4265				1
4266	Tü jur	ülik	5	4
4267	Tü med	ülik	5	4
4268	Valga Zimse öS	õp-sem	3	10
4269	Tü rer merc	ülik	5	4
4273				1
4275	Pb ü jur	ülik	5	4
4276	Tü theol	ülik	5	3
4277	Tü agr	ülik	5	2
4278				1
4279	Valga kreisk	kreisk	2	7
4280	Tü med	ülik	5	10
4282				3
4285	Tü rer for  (ei lõp)	ülik	5	6
4286	Riia polütehn arhit	polütehn	4	17
4287	Tü agr	ülik	5	11
4288	TRü med	ülik	5	8
4289				1
4291				1
4292				6
4296	Tü  anat.dots	ülik	5	31
4301	Tü theol	ülik	5	10
4302	Tü rer for	ülik	5	9
4303	Tü jur	ülik	5	7
4304	Tü agr	ülik	5	7
4308	Tü phil	ülik	5	5
4309				16
4310				13
4316	Tü phil	ülik	5	10
4318				2
4319				1
4321	Pb ü hist-philol	ülik	5	7
4322				6
4327				2
4330	Oranienbaumi lipn.k	lipn.k	4	1
4332				5
4333	tehn.dr	ülik	5	7
4337	Tall konservat lavakunstikat	kunstik	2	4
4338				7
4339	Trt kunstik	kunstik	2	8
4341	Tü phil	ülik	5	3
4342	V-Kariste algk	algk	1	14
4345				7
4346	Tü med	ülik	5	17
4347	Anija v-k	vallak	1	4
4348	Tü rer merc	ülik	5	6
4349				6
4352				11
4353	Tü theol	ülik	5	2
4354				4
4356				1
4357	Käru v-k	vallak	1	3
4358	Tü nat	ülik	5	9
4359				1
4360				7
4363				16
4365	Tü  rer for	ülik	5	2
4368				1
4372				6
4374	Karula Rebase v-k	vallak	1	4
4375	Tü med	ülik	5	13
4376	Pihkva maamõõduk  (A.Adson	maamõõduk	4	20
4378	Tü agr	ülik	5	8
4381	Tü jur	ülik	5	9
4383	Tü phil	ülik	5	6
4384	Tü med	ülik	5	3
4386	Tü theol	ülik	5	19
4387	Tü theol	ülik	5	14
4390	Jõhvi g	gümn	2	13
4391	Tü phil	ülik	5	3
4393	kõrg.kunstikurs	kunstik	2	9
4394	Tü med	ülik	5	2
4395	Kubjas Hendrik  A.	ülik	5	2
4396	Tü phil	ülik	5	30
4398	TöS	õp-sem	3	10
4399	Tü nat	ülik	5	15
4400	VöS	õp-sem	3	2
4404	Paldiski g 2 kl	gümn	2	3
4405	Tall konservat lavakunstikat	kunstik	2	5
4406				1
4410	TöS	õp-sem	3	4
4411				7
4412	khkk (J.~Pärn)	khkk	2	6
4417				2
4419	Paunastvere algk	algk	1	17
4425				1
4426				1
4427	Tü math	ülik	5	4
4428				19
4430				8
4431	Tü phil	ülik	5	9
4432				2
4433	muusikak	muusikak	2	4
4435	Valga  muusikak	muusikak	2	7
4436	Tü jur	ülik	5	8
4437	Tü med	ülik	5	25
4439	Tü vabak	ülik	5	13
4442				7
4444				31
4446	Kabli algkool	algk	1	12
4450	füüs.mat.dr	ülik	5	8
4451				6
4452	Tü rer for	ülik	5	4
4453	Tü  agr	ülik	5	27
4454				7
4455				22
4457				6
4460	Pariisi ü theol	ülik	5	5
4461				7
4462				1
4464	Tü jur	ülik	5	7
4465				1
4468				5
4470	Nõo khkk	khkk	2	18
4473				1
4474	Tarvastu khkk	khkk	2	5
4475	Tü rer merc	ülik	5	8
4476	Tü jur  c.l.	ülik	5	13
4477	biol.dr	ülik	5	8
4478				4
4479				1
4481	Treffn g	gümn	2	14
4483	Vilj kreisk	kreisk	2	1
4489				5
4492				1
4494				2
4495	Tü jur	ülik	5	1
4496	Tü rer for	ülik	5	20
4498				11
4499	Tü phil (e filol)	ülik	5	7
4500	Türi khkk	ülik	5	14
4509	Tü rer merc	ülik	5	6
4511	TPI  hüdrotehn	ülik	5	8
4512	Tü phil	ülik	5	2
4514	Tü	ülik	5	15
4517	Vigala Aö abik ja khkk	khkk	2	9
4519	Tü jur	ülik	5	5
4522	Tü phil	ülik	5	1
4525				7
4530	Rakv  öS	õp-sem	3	13
4534	Tü jur	ülik	5	7
4535	Trt öS	õp-sem	3	12
4536	Tü med	ülik	5	16
4538				65
4539				1
4540				1
4541	Trt g	gümn	2	9
4544				5
4547				12
4548	Tü phil	ülik	5	2
4549	Tü nat	ülik	5	3
4555				2
4560	Oriküla ja Kandla v-k-s	vallak	1	14
4561	Tü jur	ülik	5	7
4566	Kanadas Kingstoni ü theol	ülik	5	13
4574				33
4577	Tü jur	ülik	5	2
4578	Tü med	ülik	5	10
4581	VöS	õp-sem	3	2
4583	Narva Kreenholmi min.k	min.k	2	6
4585				4
4586				1
4587	Moskva ja Pensa algk	algk	1	13
4588	Tü phil	ülik	5	8
4591	Hels  ülik phil	ülik	5	21
4592				1
4594				39
4595				7
4596	Volmari öS	õp-sem	3	13
4597	Tü phil	ülik	5	6
4599				7
4601	Rõhu v-k	vallak	1	17
4605	Tall muusikak õp	muusikak	2	17
4607				34
4608				7
4609	Tü math	ülik	5	7
4612	Trt kõrg.muusikak	muusikak	2	8
4613	dr med vet Bernis	ülik	5	1
4614	Tü med	ülik	5	6
4615				11
4617	Pb ülik phys-math	ülik	5	4
4618	Andres	ülik	5	1
4619	muusikak	muusikak	2	10
4625	Lenderi TG	gümn	2	12
4626	ENKS Tapa algk	algk	1	6
4631				1
4632	V-k ja Tori khkk	vallak	1	6
4633	Uduvere Aö khkk	khkk	2	7
4634	Uduvere Aö khkk	khkk	2	8
4636	Neeruti algk	algk	1	19
4638				8
4639	Tü  med	ülik	5	9
4640	Tü vet	ülik	5	5
4641	Tü agr	ülik	5	5
4644	Tü phil	ülik	5	7
4645				1
4650				6
4651				3
4657				2
4664				6
4665	Urvaste khkk	khkk	2	8
4666				18
4668	Neeruti algkool	algk	1	8
4671				1
4673				1
4674	Palamuse khkk	khkk	2	7
4675	TPI hüdrotehn	ülik	5	7
4676	Tü  vet	ülik	5	9
4679	Vändra Aö khkk	ülik	5	14
4683	Tü techn	ülik	5	3
4684	Tü phil	ülik	5	4
4687				14
4689				9
4690	Tü jur	ülik	5	3
4691	Kaarma öS	õp-sem	3	4
4692				6
4695				1
4699				1
4700				6
4703	Tü jur	ülik	5	17
4704				1
4705	II reaalk	gümn	2	16
4706	Tü  phil	ülik	5	20
4709	konservat lavakunstikat	kunstik	2	5
4714	Tü agr	ülik	5	2
4716	Tü med	ülik	5	10
4718				7
4719	Tü med	ülik	5	14
4721	TRü med	ülik	5	6
4724				1
4725	Tü rer merc	ülik	5	10
4726	draamastuudio teatrik	ülik	5	9
4728	med	ülik	5	9
4730	Trt II öS	õp-sem	3	12
4731	Tü jur	ülik	5	6
4732	Tü rer for	ülik	5	18
4733	Tü jur	ülik	5	7
4738	Tü chem	ülik	5	19
4741	Tü gymn	ülik	5	8
4742	Puski Aö  khkk	khkk	2	8
4744	Tü rer merc	ülik	5	2
4745	Tü rer merc	ülik	5	4
4751	Novosibirski l-kom I sekr ja  NLKP KK insp Moskvas	linnak	1	32
4753				7
4756				7
4762	Tall konservat lavakunstikat	kunstik	2	9
4764	Simuna ENKS algk	algk	1	10
4765	Tü  rer for	ülik	5	3
4767	Tü rer merc	ülik	5	2
4775	II TöS	õp-sem	3	7
4777	Tü  phil	ülik	5	7
4780	Tü theol	ülik	5	21
4783				1
4785	Tü phil	ülik	5	2
4789	Tü jur	ülik	5	5
4790				1
4793	Tü agr	ülik	5	7
4795	Rakv öS	õp-sem	3	23
4796	Tü rer merc	ülik	5	3
4798	Tü  pharm	ülik	5	2
4800	Riia  öS	õp-sem	3	12
4801				1
4802	tütarlastek	ülik	5	5
4807				1
4809	Tü med	ülik	5	1
4811	Tü phil	ülik	5	8
4812				1
4813	Värska algk	algk	1	7
4814	Tü jur	ülik	5	17
4816	Tü vet	ülik	5	18
4818	Tü med	ülik	5	15
4821				4
4826				6
4827				9
4828	Volmari öS	õp-sem	3	12
4830	Tü rer merc	ülik	5	14
4834	dr psych  Tamperes.	ülik	5	8
4838	Tü agr	ülik	5	3
4840				85
4842	Tü phil	ülik	5	2
4843				5
4846	Tü zool	ülik	5	11
4848	?ksi v Andrese 20  ha) om	ülik	5	1
4855	Lohusuu min.k	min.k	2	7
4857				1
4858	Kuress l-k	linnak	1	13
4859				2
4861	Tü phil	ülik	5	1
4864	Tü jur  c.l.	ülik	5	5
4866	Tü phil	ülik	5	6
4867	Oranienbaumi lipn.k	lipn.k	4	2
4869	Tü rer merc	ülik	5	7
4872	Tü techn	ülik	5	3
4876	Tü med	ülik	5	8
4878	Oru algk	algk	1	11
4882				7
4883				7
4884	TRü med	ülik	5	8
4885	Tall med.kk	ülik	5	13
4886				7
4889	Trt XV algk	algk	1	7
4893				7
4898				1
4899	Keila Ohtu  algk	algk	1	7
4900				7
4904	Tü rer merc	ülik	5	1
4906				7
4909	Tü jur	ülik	5	2
4910	Tü phil	ülik	5	10
4911				5
4912	Tü phil	ülik	5	7
4915				99
4916	Tü rer merc	ülik	5	11
4918	Tall polütehn	polütehn	4	24
4925				20
4926	Tü jur	ülik	5	5
4927	Tü med	ülik	5	18
4928	Tü phil	ülik	5	9
4929	Tü math	ülik	5	11
4931				1
4932				7
4933				7
4935	Theol Berliini ü ja Tü	ülik	5	50
4936	ELKNü Trt l-kom sekr ja kooliosak juh	linnak	1	27
4938	Tü vet	ülik	5	9
4940				1
4941				12
4944				1
4946	Tü  pharm	ülik	5	3
4947	VöS	õp-sem	3	7
4948				7
4951	Tü phil	ülik	5	6
4954	Tü jur	ülik	5	3
4955	Tü rer merc	ülik	5	2
4958				3
4959	Tü rer merc	ülik	5	7
4963	Tü rer merc	ülik	5	7
4964				11
4968	Pb ülik hist-phil	ülik	5	17
4969	Paldiski khkk	khkk	2	2
4970				16
4972				7
4974				2
4976	Hargla khkk	khkk	2	10
4978	Tü phil	ülik	5	2
4979	Balti tehn.ülik Riias	ülik	5	23
4983				1
4984				3
4985	Tü füüs.inst abijõud  ja ass	ülik	5	36
4990	Tü theol	ülik	5	12
4993				1
4996				1
4997	Voore  v Siimu Andrese 27  ha) om	ülik	5	1
5002	Tü theol	ülik	5	6
5004	phil	ülik	5	5
5006				31
5007				7
5010				7
5011				1
5012	Kraavi Aö khkk	khkk	2	5
5013	Tü theol	ülik	5	15
5014				7
5015	EAleksK	aleksk	3	12
5019				1
5020				6
5025	VöS	õp-sem	3	5
5028	TRü med	ülik	5	8
5029	TRü med	ülik	5	7
5031	Trt muusikak  õp	muusikak	2	15
5032	TRü med	ülik	5	7
5034	Tall muusikak dir	muusikak	2	28
5036				21
5038	mag phil	ülik	5	8
5039	mag phil	ülik	5	8
5040	Rakv tüt.k	ülik	5	8
5041	Tü phil	ülik	5	16
5042	Tü jur	ülik	5	13
5043	Saarde khkk	khkk	2	7
5044	Tü phil	ülik	5	3
5045	Tü phil	ülik	5	4
5046	Logi algk õp ja Roodva algk juh	algk.õp	3	30
5047				7
5048	Tü math	ülik	5	10
5049	II~Rk (TüV  = komm)	ülik	5	33
5050				8
5052	Tü techn	ülik	5	6
5053				7
5054				1
5055	Tõhela Aö  khkk	khkk	2	9
5056	TTü	ülik	5	13
5057	Tü med	ülik	5	22
5058	TRü med	ülik	5	7
5059	Tü pharm	ülik	5	4
5060	näitl draamastuudios	ülik	5	40
5061				7
5064	EAleksK	aleksk	3	7
5066	Tü techn	ülik	5	3
5067	Tü theol	ülik	5	12
5069				1
5071	Treffn g	gümn	2	6
5072				6
5074	ENKS tüt.g	ülik	5	7
5075	Viini ü med	ülik	5	12
5077	Tü med	ülik	5	7
5080				18
5081	med	ülik	5	3
5082	Tü techn	ülik	5	2
5085				7
5086				7
5087	Tü rer merc	ülik	5	3
5088	Tü agr	ülik	5	11
5094	Tü agr	ülik	5	15
5095	Tü agr	ülik	5	8
5098	Tü phil	ülik	5	22
5102	Tü phil	ülik	5	3
5103	med	ülik	5	14
5106				19
5107	Tü jur	ülik	5	7
5108				7
5111	Tü jur	ülik	5	9
5112	dr math	ülik	5	16
5114				1
5116	Tü jur	ülik	5	6
5117	Tü rer merc	ülik	5	3
5118	Riia polütehn  ins.osak	polütehn	4	15
5120	Tü phil	ülik	5	3
5121				20
5123				1
5128				1
5132	Tü rer merc	ülik	5	6
5133				1
5134	Tü jur	ülik	5	2
5135	Trt g	gümn	2	6
5136	Tü rer merc	ülik	5	1
5138	Tü jur	ülik	5	11
5139	Tü jur	ülik	5	5
5140	Tü med	ülik	5	18
5141				2
5144				1
5147	Tü jur	ülik	5	16
5151	dr phil	ülik	5	1
5154	med	ülik	5	8
5155				3
5158	Tü chem  c.l.	ülik	5	7
5160	Moskva 1.med.inst	ülik	5	8
5161	Tü agr	ülik	5	7
5162				1
5163				1
5164				62
5165				31
5166				6
5171	Tü sisekl-u ass	ülik	5	5
5173	Tü med	ülik	5	21
5175	Tü jur	ülik	5	6
5176	TTü keemia-mäeteadusk	ülik	5	21
5179				1
5181	Tü rer merc	ülik	5	15
5183	Tü pharm	ülik	5	11
5184	Tü phil	ülik	5	2
5185				6
5187	Tü pharm	ülik	5	2
5188				6
5193				1
5194	Tü vet  c.l.	ülik	5	7
5198	Tü agr	ülik	5	8
5201	Torma khkk	khkk	2	4
5204				6
5205	Tü jur	ülik	5	18
5207	Tü med	ülik	5	9
5209				2
5210	Tall konservat lavakunstikat	kunstik	2	5
5211	Tü jur	ülik	5	25
5212	Uderna v-k	vallak	1	2
5214	Tü rer merc  (ei lõp)	ülik	5	7
5216	Suislepa Aö khkk	khkk	2	8
5218	Rõuge khkk	khkk	2	8
5222	Tü med	ülik	5	3
5224	Tü med	ülik	5	8
5225				24
5227	Tü phil (e filol)	ülik	5	8
5228	Tü jur	ülik	5	1
5234	Tü med	ülik	5	17
5238	med	ülik	5	3
5241				1
5242				7
5244	Tü  jur	ülik	5	5
5246	Tü theol	ülik	5	7
5247				2
5249				1
5250	Tü vet	ülik	5	6
5251	Tü phil	ülik	5	11
5252	Tü phil	ülik	5	13
5253				2
5254				5
5255	Tü jur	ülik	5	2
5258				31
5259	Kaasani ü philol	ülik	5	15
5260	Tü math-nat (phys)	ülik	5	3
5261	phil	ülik	5	5
5264	Tü agr	ülik	5	20
5267	TöS  ja õp.inst	õp-sem	3	4
5270	Audru khkk	ülik	5	10
5272				11
5273	Tü math	ülik	5	22
5274				7
5275	Tü phil (kunstiajalugu)	ülik	5	5
5277	TöS	õp-sem	3	23
5281				3
5284				1
5285	Koduõp Riias	koduõp	1	18
5288				1
5291				1
5292				1
5295				5
5298	Tü chem	ülik	5	3
5303	Tü jur	ülik	5	10
5312	Iisaku  khkk	khkk	2	6
5316				7
5317				2
5319	Tü rer merc	ülik	5	7
5320	Tü rer merc	ülik	5	4
5324				5
5325				7
5326				6
5328	Rakv  III algk juh	algk	1	2
5330	Tü phil	ülik	5	2
5332	Tü med	ülik	5	7
5336				1
5338				12
5341	Langermaa algk	algk	1	7
5343	Tü med	ülik	5	8
5345	P-Jaagupi khkk	khkk	2	8
5346	Trt g	gümn	2	8
5349	Tü phil (germ filol)	ülik	5	4
5350	Tü chem (tehnol)	ülik	5	7
5351				5
5355	Haimre  Kasti v-k	vallak	1	4
5357	Tü theol	ülik	5	5
5359	VTü peam.abi	ülik	5	4
5360				1
5361				3
5362				1
5363	Tü rer merc	ülik	5	1
5365				11
5366	Tü med	ülik	5	3
5367	Tü jur	ülik	5	4
5368				2
5370	Tü med	ülik	5	10
5371	Odessa ü nat	ülik	5	6
5372				1
5374	Tü phil	ülik	5	1
5375				6
5376				1
5377				7
5378	Tü phil	ülik	5	17
5379				27
5380				5
5381	ül.preester Tall Aleksandri katedraalis	ülik	5	20
5382	Tü jur	ülik	5	2
5386	Tü math	ülik	5	5
5387	Tü  rer for	ülik	5	2
5405				16
5406				25
5407	Johan A. Vilj l-k	linnak	1	1
5408	Tü  jur	ülik	5	9
5409				1
5410	Tü rer merc	ülik	5	2
5413	Pb algk	algk	1	16
5414				7
5416	EK(b)P KK kaadriosak juh.aset	ülik	5	45
5417	VöS	õp-sem	3	8
5420	Tü agr	ülik	5	4
5421	Tü phil	ülik	5	2
5422	Tü phil (läänemeresm k-d)	ülik	5	8
5426				1
5431	Tü theol	ülik	5	7
5434	Räpina khkk	khkk	2	9
5436				4
5437				1
5438	Trt kaub.k	kaub.k	4	14
5441	tüt.prog	ülik	5	15
5443	Tü med	ülik	5	5
5449	Tü rer merc	ülik	5	11
5451	Tü pharm	ülik	5	4
5452	Tü vet	ülik	5	20
5456				1
5458	Tü med	ülik	5	20
5459				1
5460				54
5461				34
5463	VöS	õp-sem	3	7
5464	VöS	õp-sem	3	7
5466	TöS	õp-sem	3	13
5467	Tü phil	ülik	5	19
5468				4
5469	Tü nat	ülik	5	10
5477	Tü phil	ülik	5	3
5480	med	ülik	5	5
5481				7
5484	Treffn g	gümn	2	4
5485	Tü rer merc	ülik	5	7
5489	khkk	khkk	2	1
5493				1
5496	Tü rer merc	ülik	5	2
5497				7
5498				28
5502	Tü rer merc	ülik	5	8
5504	Tü jur  c.l.	ülik	5	11
5506				1
5507				1
5508				1
5509	Tü  phil	ülik	5	6
5515	med	ülik	5	11
5521	Tü rer merc	ülik	5	5
5522	ped.kurs	ped.kurs	5	1
5524	Tü phil	ülik	5	10
5528	Tü math	ülik	5	5
5529				7
5530	TöS	õp-sem	3	11
5532	Tü jur	ülik	5	9
5533	Tü jur	ülik	5	5
5535	konservat lavakunstikat	kunstik	2	5
5537	Tü phil  c.l.	ülik	5	5
5539	Vaivara khkk	khkk	2	5
5540	Uduvere Aö khkk	khkk	2	6
5541	Tü  nat chem	ülik	5	5
5543	Uduvere Aö khkk	khkk	2	6
5545				7
5547	Tü oec	ülik	5	3
5549				5
5550	Tü oec	ülik	5	6
5551				55
5552				12
5554				1
5555	Tü jur	ülik	5	1
5556				12
5557	Kõpu vallakool	vallak	1	8
5562				5
5563				6
5573	Tü phil	ülik	5	10
5574	Tü  phil	ülik	5	11
5575	Tü jur	ülik	5	7
5579				24
5581	Tõstamaa khkk	khkk	2	2
5585	Saarepeedi algk	algk	1	7
5588	Tü rer for	ülik	5	17
5589	Tü agr	ülik	5	20
5595	Pilistvere khkk	khkk	2	9
5600	Tü jur  c.l.	ülik	5	6
5601	Tü med	ülik	5	3
5603	Tü agr	ülik	5	21
5605	Tü med	ülik	5	6
5607				1
5608	õp eksam Trt-s	k.õp	3	7
5609				1
5611				11
5613				6
5614				5
5615	Tü phil	ülik	5	2
5616	Tü phil (ajalugu)	ülik	5	13
5619	Tü jur	ülik	5	9
5622	II TöS	õp-sem	3	13
5626	Tü jur	ülik	5	16
5628	Hopa  min.k	min.k	2	5
5630	Võru öS	õp-sem	3	3
5633	Tü phil	ülik	5	13
5634	Tü jur	ülik	5	6
5635				27
5636	Tü nat	ülik	5	4
5639	Veretino algk	algk	1	16
5641				12
5643	II TöS	õp-sem	3	5
5644	Tü  rer merc	ülik	5	8
5645	Vaivara khkk	khkk	2	7
5650	Põltsamaa khkk	khkk	2	1
5651	Tü theol	ülik	5	6
5655	Tü  jur	ülik	5	10
5659	Tü agr	ülik	5	4
5661	Tü jur	ülik	5	8
5663	Tü vet	ülik	5	10
5664	Valga TG	gümn	2	21
5665				1
5666				9
5671	Eestim med.insp abi	ülik	5	5
5674				13
5675	Tü phil	ülik	5	9
5676	Tü jur	ülik	5	4
5678	Heidelbergi ü chem	ülik	5	16
5679	Tü jur	ülik	5	16
5680	Pb ü jur	ülik	5	15
5681	Tü  chem	ülik	5	17
5691	Tü med	ülik	5	16
5695	II TöS	õp-sem	3	5
5697				1
5698				15
5702				39
5705				14
5715	phil	ülik	5	5
5716	Türi khkk	ülik	5	16
5718				12
5721				5
5722	Tü agr	ülik	5	3
5723	Türi algk	ülik	5	18
5727	Haaps ped.kurs	ped.kurs	5	10
5728	Tü med	ülik	5	6
5729	Tü phil	ülik	5	7
5731				8
5734				1
5741	Tü jur	ülik	5	3
5742	Tü agr	ülik	5	7
5743	Kopenhaageni ü agr	ülik	5	16
5745				29
5751	Riia Balti öS	õp-sem	3	5
5752	Tü med	ülik	5	10
5753	V-Kuuste min.k	min.k	2	13
5755	Tü agr	ülik	5	4
5756	Tü rer merc	ülik	5	12
5759	Tü rer merc	ülik	5	7
5760	Tü phil  c.l.	ülik	5	8
5762				6
5764	Tü phil	ülik	5	3
5766				3
5767	TöS	õp-sem	3	5
5769	Tü rer merc	ülik	5	6
5771	Tõrva tüt.k	ülik	5	13
5772	Tü med	ülik	5	11
5773	Tü rer merc	ülik	5	7
5776	Tü phil	ülik	5	5
5777	Tall l-volik  (TüV)	ülik	5	20
5782	Varssavi ülik hist-phil	ülik	5	11
5784				15
5788	Tü jur	ülik	5	14
5789	Vändra khkk	ülik	5	13
5791				1
5794	Tü phil	ülik	5	17
5796				6
5798				6
5799				1
5804				21
5808				3
5810	draamateatri näitl	ülik	5	44
5811				27
5814	Maankaru algk	algk	1	7
5816	Tü phil	ülik	5	7
5817				1
5819	Tü med	ülik	5	6
5821	TRü med	ülik	5	20
5824	Tü theol	ülik	5	6
5825	Tü med	ülik	5	13
5828	Gatóina l-k  ja reaalk	linnak	1	17
5832	Tü rer for	ülik	5	8
5835	Tall öS	õp-sem	3	20
5837	Tü jur  c.l.	ülik	5	5
5838	Tü rer merc	ülik	5	3
5839	Tü chem	ülik	5	13
5841	Tü phil	ülik	5	8
5842	Tü phil  c.l.	ülik	5	9
5843	TöS	õp-sem	3	5
5845				25
5849				4
5850				1
5851	VIII g	gümn	2	18
5852	Tü med	ülik	5	4
5854				4
5856	Tü phil	ülik	5	18
5857	Tü phil vabak	ülik	5	11
5860				6
5862	Tü  phil (rahvaluule)	ülik	5	8
5866	Tü phil	ülik	5	14
5867	Tü phil	ülik	5	9
5868				12
5869				10
5870	Tü  phil	ülik	5	2
5874				1
5875				1
5878	ped.kurs	ped.kurs	5	15
5880	Tü jur	ülik	5	12
5881	Tü techn	ülik	5	4
5882	Tü agr	ülik	5	3
5884	Tü med	ülik	5	7
5886	Müncheni ü arhit	ülik	5	8
5887	VöS	õp-sem	3	9
5888	Tü med	ülik	5	18
5890	Saraatovi Ü med	ülik	5	15
5891	draamastuudio  teatrik	ülik	5	27
5893	Tü phil	ülik	5	12
5894	Tü cam	ülik	5	5
5896				3
5897				30
5899	Tü jur	ülik	5	5
5902	Pärnu g	gümn	2	18
5904				25
5905				1
5906	M-Magd khkk	khkk	2	8
5907	Tü agr	ülik	5	6
5909	Tü math	ülik	5	7
5911	Hans A.  Peterhofi  lipn.k	lipn.k	4	1
5913				2
5916	Tarvastu khkk õp	khkk	2	8
5919	Tü rer for	ülik	5	6
5920	II TöS	õp-sem	3	5
5921	Tü jur	ülik	5	8
5922	Tü vet	ülik	5	10
5923				12
5924				18
5925	Tü rer merx	ülik	5	3
5926	Tü med	ülik	5	11
5928				12
5929				9
5930				3
5931	Puhja khkk	khkk	2	8
5932	Tü phil	ülik	5	5
5933				17
5934	Tü jur	ülik	5	13
5937				8
5938	reaalk	gümn	2	18
5940	Tü agr	ülik	5	3
5943	Tü phil	ülik	5	9
5944	Kanepi khkk	khkk	2	6
5945	V-k	vallak	1	4
5946	Sa ühisg	gümn	2	14
5949	Aleksandri v-k	ülik	5	13
5950	Tü med	ülik	5	9
5953	Vilj tüt.k	ülik	5	12
5954	Tü phil  (ajalugu)	ülik	5	8
5958	Königsbergi  Neumarki põllutöök  ja ü agr	ülik	5	9
5961	Berliini ü phil	ülik	5	2
5962	Tü  rer merc	ülik	5	9
5965	Tü jur	ülik	5	6
5966				3
5967				5
5969	Tü  chem	ülik	5	21
5971				23
5972				10
5973	Tü jur	ülik	5	10
5979	Treffn g	gümn	2	11
5980	Tü  jur	ülik	5	9
5982				3
5983	Tü phil	ülik	5	4
5984	Tü phil	ülik	5	14
5987	Abja  ühisg	gümn	2	12
5991	Tuhalaane algk	algk	1	18
5995				1
5997				3
5999	Tü jur	ülik	5	6
6002	Tü theol	ülik	5	5
6006				1
6008	TöS	õp-sem	3	8
6010	Kaarma öS	õp-sem	3	1
6011				7
6013	Trt g	gümn	2	37
6016				7
6018				1
6019				1
6021	Tü rer merc	ülik	5	16
6022	Tü med	ülik	5	11
6026	Näitl draamateatris	ülik	5	37
6033	Tü med	ülik	5	8
6034	kunstik	kunstik	2	12
6037				1
6039	Tü ass	ülik	5	12
6046				35
6047				15
6049				5
6050				1
6054	Tü phil	ülik	5	9
6055	Pärnu  kaub.k	kaub.k	4	10
6058	Tü phil	ülik	5	10
6059	Tü rer merc  c.l,	ülik	5	4
6060				12
6061				1
6062	Tü med	ülik	5	21
6063	ajal.dr	ülik	5	2
6064				1
6065	Sulev-Andreas	ülik	5	22
6066	Kursi khkk	khkk	2	9
6068	Tü phil	ülik	5	16
6069	Tü phil	ülik	5	7
6071	Tü phil	ülik	5	17
6073	Tü phil	ülik	5	4
6078				1
6080	Raadamaa min.k	min.k	2	5
6081	Tall polütehn	polütehn	4	5
6083	Tall muusikak	muusikak	2	3
6086	Tü rer for	ülik	5	2
6089	Tü chem	ülik	5	8
6090	Tü theol	ülik	5	7
6091				10
6093	Tü med	ülik	5	4
6095	Tü phil (germ  filol)	ülik	5	8
6097	Tü phil	ülik	5	13
6099				44
6100	Tü phil (ingl  filol)  c.l.	ülik	5	10
6102				1
6110	Tü  nat	ülik	5	11
6111	Tü phil	ülik	5	5
6112	Moskva Šanjavski õhtuülikool	ülik	5	1
6119	Tü jur	ülik	5	9
6125				9
6126				7
6127				2
6129				1
6130				1
6131	Raaduvere  k-k	külak	1	5
6132	Tü jur	ülik	5	3
6136	Tü  phil	ülik	5	2
6137	Tü jur	ülik	5	6
6138	Vaki v-k	vallak	1	4
6140	Tü phil	ülik	5	3
6142	Tü phil	ülik	5	8
6143	Tü med	ülik	5	11
6144	Tü theol	ülik	5	10
6145				36
6146	Tü phil	ülik	5	16
6147	Tü med	ülik	5	21
6148	Tü jur	ülik	5	2
6149	Aö kir.k	kirikuk	1	4
6150	Tü phil	ülik	5	5
6152	Valga Zimse öS	õp-sem	3	1
6153	Tü jur	ülik	5	5
6154	Tü med	ülik	5	4
6156	Pb nais.med.inst	ülik	5	8
6159	Tü med	ülik	5	5
6160	Treffn g	gümn	2	5
6161	Tü phil	ülik	5	2
6162	Tü vet	ülik	5	5
6167	Tü phil	ülik	5	31
6170				1
6172	med	ülik	5	15
6173				6
6175	Trt kunstik	kunstik	2	13
6177	Koduõp Eesti- ja Liivim-l	koduõp	1	50
6179	Tü rer merc  c.l.	ülik	5	5
6181	Tü vet	ülik	5	4
6183				8
6187	Tü rer nat	ülik	5	18
6188				13
6190	öS	õp-sem	3	10
6191				1
6192	Tü phil  (germ filol)	ülik	5	7
6194	Tü theol	ülik	5	7
6196				1
6198				2
6200	Tü phil (ajalugu)	ülik	5	7
6202				1
6203	Kursi tüt.eraalgk	ülik	5	10
6204	Tü med	ülik	5	3
6208	II TöS	õp-sem	3	5
6210	Tü jur	ülik	5	6
6212	Tü anatoomia erak.prof	ülik	5	13
6213	Trt g	gümn	2	15
6216	tütarl.g	ülik	5	17
6217	Tü nat   c.l.	ülik	5	11
6218	Tü pharm	ülik	5	8
6221	Riia tüt.k	ülik	5	1
6222	Riia polütehn  kaub.osak	polütehn	4	17
6225				7
6226	Tü med	ülik	5	7
6228	Tü agr	ülik	5	9
6229	Tü rer merc	ülik	5	6
6230	Tü rer  merc	ülik	5	1
6231	Pb õp.inst	õp.inst	5	11
6233				1
6234				1
6235	Kuressaare Laurentiuse kog organist ja g muusikaõp	gümn	2	51
6237	Trt öS	õp-sem	3	12
6238	Tü rer merc	ülik	5	2
6240				1
6241				28
6242	muusikak	muusikak	2	12
6243				13
6245				1
6247	Tü rer merc	ülik	5	5
6249				1
6250				1
6251	Räpina tüt.khkk	ülik	5	4
6254				30
6256				1
6257	Tü  jur	ülik	5	6
6258				1
6259	Tü rer merc	ülik	5	2
6260	Tü theol	ülik	5	9
6261				42
6262				10
6265	Tudu v-k	vallak	1	4
6266	Tü rer nat	ülik	5	28
6267				17
6268	Tü theol	ülik	5	18
6272	Tü rer merc	ülik	5	6
6281				1
6284	med	ülik	5	13
6285				2
6286	Tü phil	ülik	5	21
6287	Tü pharm	ülik	5	6
6288	Tü theol	ülik	5	5
6289	kõrg.algk	algk	1	5
6291	Tü phil	ülik	5	2
6292				18
6293				7
6294	Tü phil	ülik	5	2
6299	Tü med	ülik	5	13
6300				3
6303				6
6304				2
6305				2
6311	Tü agr	ülik	5	3
6317	Tü jur	ülik	5	7
6321				9
6325	Tü phil	ülik	5	4
6327	Tü math	ülik	5	3
6330				2
6332	Turba algk	algk	1	16
6334	Riia ÕS	õp-sem	3	12
6336	TTü maj	ülik	5	4
6337				1
6340	Tü rer merc	ülik	5	16
6345	Tü med	ülik	5	8
6349	Tall öS	õp-sem	3	7
6350	phil	ülik	5	7
6353	Tü chem	ülik	5	11
6356	med	ülik	5	4
6357				23
6359	konservat lavakunstikat	kunstik	2	5
6362	öS harj.k-s	õp-sem	3	35
6363				6
6372	Kroonlinna reaalk	gümn	2	6
6375	Tü rer merc	ülik	5	5
6377				17
6378				21
6379	Bonni  ülik	ülik	5	5
6380	Are algk	algk	1	17
6381	Vändra khkk	ülik	5	14
6382	Nõo khkk	khkk	2	10
6394	Läänem öS (visati välja	õp-sem	3	12
6398				1
6401	Tü dr  phil h c	ülik	5	18
6406				17
6412	Tü chem	ülik	5	14
6445	Halliste khkk	khkk	2	6
6451	Tü theol	ülik	5	4
6456				1
6457	Tü phil	ülik	5	22
6458	TÜ hist	ülik	5	18
6465				18
6480				78
6482	kaub.k ja rah.tehn	kaub.k	4	17
6489	V-k	vallak	1	6
6515				17
6523				9
6549	Pb ü jur	ülik	5	12
6570	Oru algk	algk	1	19
6573				7
6580				17
6582				9
6585				18
6586	Tü phil	ülik	5	24
6589				7
6590	Tü phil	ülik	5	20
6591				7
6593				6
6599				14
6601	Tü jur	ülik	5	12
6623				3
6625	Trt eraülik med	ülik	5	6
6628	Trt med.k õp	ülik	5	27
6631	Tü phil	ülik	5	9
6633				4
6642	Geislingeni e g	gümn	2	11
6649	Hiiu algk	algk	1	13
6651				18
6664	Uppsala ü med	ülik	5	19
6665	Läänem ühisg	gümn	2	9
6666	Pärnu V algk	algk	1	3
6667				7
6670	Tü phil	ülik	5	16
6671				96
6672	Tü phil	ülik	5	21
6673	Tü phil	ülik	5	22
6674				12
6676	Tü phil (romaani filol)	ülik	5	19
6683	Tü med	ülik	5	20
6687	Tü phil	ülik	5	7
6691				7
6695	Tall  kaub.k	kaub.k	4	6
6697	Tü jur	ülik	5	18
6698	Tü jur	ülik	5	4
6700	Tü rer merc	ülik	5	3
6702	V-Maarja  algk ja kk	algk	1	13
6706	TÜ phil	ülik	5	8
6708				17
6709	TTÜ	ülik	5	3
6725	VöS	õp-sem	3	14
6727	TÜ phil	ülik	5	6
6728				3
6730	Vilj khkk	khkk	2	6
6731	Vilj khkk	khkk	2	6
6735	Vigala khkk (köster Soo)	khkk	2	12
6736	Tü phil	ülik	5	5
6738				41
6748	Tsooru min.k	min.k	2	1
6754	Valga Zimse öS	õp-sem	3	7
6763				25
6765	Uppsala ü jur	ülik	5	17
6768				29
6773	dr jur	ülik	5	7
6776	Tü rer for  c.l.	ülik	5	6
6777				1
6779	Tü  jur	ülik	5	17
6786				7
6794	Tü med	ülik	5	7
6797	Treffn g	gümn	2	8
6800				1
6802	Trt g	gümn	2	6
6806				5
6809				1
6810	Võru kreisk	kreisk	2	6
6812	2.  ihtüoloog Aleksander M.	aleksk	3	78
6813	Läänem öS	õp-sem	3	18
6817	2. ihtüoloog Aleksander M.	aleksk	3	78
6819	Tü theol	ülik	5	17
6820	Obinitsa khkk	khkk	2	6
6821				8
6823	Kahtla Aö khkk	khkk	2	11
6826	TÜ phil	ülik	5	23
6832	Kaarma öS	õp-sem	3	8
6833	Audru khkk  (A.~Grenzstein	ülik	5	15
6841				12
6845	V-Võidu Arumetsa v-k	vallak	1	11
6846	Tü phil	ülik	5	24
6847	Tü phil  c.l.	ülik	5	21
6852	g ekst	gümn	2	10
6853	Tuhalaane Aö khkk	khkk	2	3
6857				3
6858	Tü rer merc	ülik	5	8
6862	Treffn g	gümn	2	12
6864	öp Kärstna ja Võisiku min.k-s	min.k	2	5
6865	Pb ülik jur	ülik	5	16
6866	Pb  ülik philol	ülik	5	6
6867	Pb ülik jur	ülik	5	8
6868	Tü phys-math	ülik	5	20
6869	Tü geogr	ülik	5	11
6870				12
6872	Valga Zimse öS	õp-sem	3	4
6873	Tü vet	ülik	5	9
6879				7
6890	Trt XV algk	algk	1	7
6896	Tü phil	ülik	5	7
6898	Rakv öS  (heideti välja)	õp-sem	3	20
6908	II TöS	õp-sem	3	1
6912	Tü hist-phil	ülik	5	21
6915				1
6922	Pb kub Andromeri loomakasv.k	ülik	5	17
6927				1
6937	Pirmastu  vallakool	vallak	1	23
6938	Rakv öS	õp-sem	3	14
6952	II TöS	õp-sem	3	5
6956	Tü jur	ülik	5	6
6957	Tü jur	ülik	5	17
6961	Pärnu kaub.kurs	kaub.k	4	10
6962	Tü rer merc  c.l.	ülik	5	9
6966	Helsingi ülik phil	ülik	5	19
6967	Tü med	ülik	5	15
6968	phil	ülik	5	16
6970	Tü jur	ülik	5	14
6971				25
6972	H.Palgi kaub.kurs	kaub.k	4	15
6973	Pb kunstik	kunstik	2	17
6974	Tü phil (hist)	ülik	5	11
6975	Tall kõrg.tüt.k	ülik	5	4
6979	Pihkva lipn.k	lipn.k	4	5
6981	Tü  ja Voroneõi ü med	ülik	5	14
6986	Pärnu g	gümn	2	7
6988	Tü jur	ülik	5	9
6989	Tü phil	ülik	5	21
6997	Leipzigi  ü phil	ülik	5	18
6999				1
7001	Trt  algk	algk	1	7
7002	Tü jur	ülik	5	6
7004	Tü phil	ülik	5	19
7005	tüt.käsitöök kaasjuh Tall-s	ülik	5	50
7007				15
7008	Rostovtsevi eraülik med	ülik	5	12
7013	Tü hist	ülik	5	7
7016	Tü jur	ülik	5	17
7020				1738
7027	khkk õp eksam	k.õp	3	4
7031	Treffn g	gümn	2	6
7033				7
7034				1
7036	Halliste khkk	khkk	2	10
7038				2
7041	Saarde khkk	khkk	2	13
7045				1
7046	TöS	õp-sem	3	23
7047	Tornimäe  AÕ khkk	khkk	2	8
